Mean Absolute Error,Root Mean Squared Error,Relative Absolute Error,Relative Squared Error,Coefficient of Determination
1634.31700770761,2385.61230683051,0.271024546216995,0.0831354118115953,0.916864588188405
